{
  "2603.09165v1": 1,
  "2603.09161v1": 2,
  "2603.09160v1": 2,
  "2603.09157v1": 2,
  "2603.09154v1": 1,
  "2603.09152v1": 2,
  "2603.09151v1": 2,
  "2603.09145v1": 2,
  "2603.09130v1": 2,
  "2603.09127v1": 2,
  "2603.09125v1": 2,
  "2603.09121v1": 1,
  "2603.09117v1": 2,
  "2603.09113v1": 2,
  "2603.09109v1": 1,
  "2603.09108v1": 1,
  "2603.09103v1": 1,
  "2603.09095v1": 2,
  "2603.09090v1": 2,
  "2603.09086v1": 1,
  "2603.09085v1": 2,
  "2603.09082v1": 1,
  "2603.09080v1": 1,
  "2603.09079v1": 2,
  "2603.09078v1": 2,
  "2603.09072v1": 2,
  "2603.09067v1": 2,
  "2603.09065v1": 2,
  "2603.09062v1": 2,
  "2603.09058v1": 1,
  "2603.09056v1": 1,
  "2603.09053v1": 2,
  "2603.09052v1": 1,
  "2603.09049v1": 2,
  "2603.09046v1": 2,
  "2603.09043v1": 2,
  "2603.09037v1": 1,
  "2603.09036v1": 2,
  "2603.09032v1": 1,
  "2603.09030v1": 1,
  "2603.09029v1": 1,
  "2603.09024v1": 3,
  "2603.09023v1": 2,
  "2603.09022v1": 2,
  "2603.09020v1": 2,
  "2603.09018v1": 1,
  "2603.09016v1": 2,
  "2603.09014v1": 2,
  "2603.09011v1": 2,
  "2603.09009v1": 2,
  "2603.09007v1": 1,
  "2603.09002v1": 2,
  "2603.08999v1": 2,
  "2603.08993v1": 2,
  "2603.08989v1": 1,
  "2603.08987v1": 1,
  "2603.08979v1": 2,
  "2603.08972v1": 2,
  "2603.08965v1": 2,
  "2603.08964v1": 2,
  "2603.08960v1": 2,
  "2603.08957v1": 2,
  "2603.08956v1": 2,
  "2603.08954v1": 1,
  "2603.08947v1": 2,
  "2603.08945v1": 2,
  "2603.08942v1": 2,
  "2603.08938v1": 2,
  "2603.08936v1": 2,
  "2603.08935v1": 1,
  "2603.08933v1": 2,
  "2603.08931v1": 2,
  "2603.08930v1": 1,
  "2603.08924v1": 8,
  "2603.08921v1": 1,
  "2603.08914v1": 2,
  "2603.08913v1": 1,
  "2603.08911v1": 2,
  "2603.08910v1": 2,
  "2603.08907v1": 2,
  "2603.08901v1": 2,
  "2603.08900v1": 2,
  "2603.08899v1": 2,
  "2603.08881v1": 1,
  "2603.08879v1": 2,
  "2603.08877v1": 3,
  "2603.08869v1": 2,
  "2603.08865v1": 1,
  "2603.08862v1": 2,
  "2603.08859v1": 2,
  "2603.08856v1": 2,
  "2603.08852v1": 2,
  "2603.08844v1": 1,
  "2603.08835v1": 2,
  "2603.08825v1": 2,
  "2603.08824v1": 1,
  "2603.08823v1": 2,
  "2603.08819v1": 6,
  "2603.08814v1": 1,
  "2603.08807v1": 2,
  "2603.08806v1": 2,
  "2603.08803v1": 2,
  "2603.08801v1": 1,
  "2603.08709v1": 2,
  "2603.08773v1": 2,
  "2603.08707v2": 2,
  "2603.08687v1": 2,
  "2603.08683v1": 1,
  "2603.08682v1": 2,
  "2603.08679v1": 2,
  "2603.08676v1": 2,
  "2603.08667v1": 1,
  "2603.08659v1": 2,
  "2603.08658v1": 2,
  "2603.08652v1": 2,
  "2603.08649v1": 2,
  "2603.08647v1": 2,
  "2603.08645v1": 2,
  "2603.08640v2": 2,
  "2603.08630v1": 1,
  "2603.08771v1": 2,
  "2603.08605v1": 1,
  "2603.08600v1": 2,
  "2603.08588v1": 2,
  "2603.08583v1": 2,
  "2603.08578v1": 2,
  "2603.08575v1": 2,
  "2603.08566v1": 2,
  "2603.08553v1": 2,
  "2603.08551v1": 1,
  "2603.08546v1": 1,
  "2603.08544v1": 2,
  "2603.08540v1": 2,
  "2603.08526v1": 2,
  "2603.08518v1": 2,
  "2603.08514v1": 1,
  "2603.08505v1": 1,
  "2603.08501v2": 2,
  "2603.08495v1": 2,
  "2603.08494v1": 2,
  "2603.08488v1": 2,
  "2603.08486v1": 2,
  "2603.08483v1": 2,
  "2603.08478v1": 2,
  "2603.08468v1": 2,
  "2603.08465v2": 1,
  "2603.08462v1": 2,
  "2603.08459v1": 1,
  "2603.08457v1": 1,
  "2603.08455v1": 2,
  "2603.08453v1": 2,
  "2603.08450v1": 1,
  "2603.08448v2": 1,
  "2603.08447v1": 2,
  "2603.08436v1": 2,
  "2603.08426v1": 2,
  "2603.08425v1": 2,
  "2603.08424v1": 2,
  "2603.08420v1": 1,
  "2603.08413v1": 2,
  "2603.08399v1": 2,
  "2603.08391v2": 2,
  "2603.08388v1": 2,
  "2603.08377v1": 2,
  "2603.08371v1": 2,
  "2603.08370v1": 2,
  "2603.08369v1": 2,
  "2603.08359v1": 1,
  "2603.08358v1": 2,
  "2603.08349v1": 2,
  "2603.08343v1": 2,
  "2603.08339v1": 1,
  "2603.08332v1": 3,
  "2603.08328v1": 1,
  "2603.08324v1": 1,
  "2603.08317v1": 2,
  "2603.08316v2": 2,
  "2603.08312v1": 2,
  "2603.08311v1": 1,
  "2603.08309v1": 2,
  "2603.08305v1": 1,
  "2603.08304v1": 1,
  "2603.08291v1": 2,
  "2603.08290v1": 2,
  "2603.08288v1": 1,
  "2603.08287v1": 2,
  "2603.08283v1": 1,
  "2603.08282v1": 2,
  "2603.08281v1": 1,
  "2603.08278v1": 1,
  "2603.08270v1": 3,
  "2603.08269v1": 2,
  "2603.08267v1": 2,
  "2603.08265v1": 1,
  "2603.08257v1": 2,
  "2603.08255v1": 2,
  "2603.08252v2": 4,
  "2603.08251v1": 9,
  "2603.08249v1": 2,
  "2603.08242v1": 1,
  "2603.08241v1": 2,
  "2603.08239v1": 2,
  "2603.08235v1": 1,
  "2603.08234v1": 2,
  "2603.08231v1": 1,
  "2603.08230v1": 2,
  "2603.08221v1": 2,
  "2603.08219v1": 1,
  "2603.08216v1": 2,
  "2603.08211v1": 2,
  "2603.08208v1": 1,
  "2603.08207v1": 2,
  "2603.08206v1": 2,
  "2603.08202v1": 3,
  "2603.08195v1": 1,
  "2603.08188v1": 2,
  "2603.08185v1": 2,
  "2603.08180v1": 2,
  "2603.08179v1": 2,
  "2603.08177v1": 2,
  "2603.08173v1": 2,
  "2603.08171v1": 1,
  "2603.08165v1": 1,
  "2603.08163v2": 2,
  "2603.08158v1": 2,
  "2603.08156v1": 2,
  "2603.08155v1": 2,
  "2603.08153v1": 1,
  "2603.08146v1": 2,
  "2603.08145v1": 2,
  "2603.08137v1": 2,
  "2603.08130v1": 1,
  "2603.08128v1": 1,
  "2603.08126v1": 2,
  "2603.08125v1": 1,
  "2603.08124v1": 2,
  "2603.08118v1": 2,
  "2603.08117v1": 3,
  "2603.08108v1": 1,
  "2603.08095v1": 1,
  "2603.08090v1": 2,
  "2603.08082v1": 2,
  "2603.08072v1": 1,
  "2603.08065v1": 2,
  "2603.08062v1": 1,
  "2603.08055v1": 1,
  "2603.08049v1": 2,
  "2603.08048v1": 2,
  "2603.08035v1": 2,
  "2603.08034v1": 2,
  "2603.08032v1": 2,
  "2603.08026v1": 2,
  "2603.08023v1": 2,
  "2603.08017v1": 2,
  "2603.08013v1": 3,
  "2603.08012v1": 7,
  "2603.08007v1": 2,
  "2603.08001v1": 8,
  "2603.08000v1": 2,
  "2603.07998v1": 1,
  "2603.07997v1": 2,
  "2603.07990v1": 2,
  "2603.07980v1": 2,
  "2603.07979v1": 2,
  "2603.07978v1": 2,
  "2603.07977v1": 1,
  "2603.07973v1": 1,
  "2603.07972v1": 2,
  "2603.07970v1": 2,
  "2603.07965v1": 2,
  "2603.07957v1": 1,
  "2603.07955v1": 1,
  "2603.07946v1": 2,
  "2603.07940v1": 2,
  "2603.09974v1": 1,
  "2603.09972v1": 2,
  "2603.09970v1": 2,
  "2603.09964v1": 2,
  "2603.09963v1": 2,
  "2603.09961v1": 2,
  "2603.09957v1": 2,
  "2603.09955v1": 2,
  "2603.09952v1": 2,
  "2603.09951v1": 1,
  "2603.09950v1": 2,
  "2603.09947v1": 8,
  "2603.09945v1": 1,
  "2603.09943v1": 1,
  "2603.09942v1": 1,
  "2603.09940v1": 1,
  "2603.09938v1": 2,
  "2603.09936v1": 1,
  "2603.09933v1": 8,
  "2603.09931v1": 1,
  "2603.09930v1": 2,
  "2603.09923v1": 2,
  "2603.09916v1": 1,
  "2603.09909v1": 1,
  "2603.09906v1": 2,
  "2603.09892v1": 2,
  "2603.09891v1": 6,
  "2603.09890v1": 2,
  "2603.09888v1": 2,
  "2603.09884v1": 2,
  "2603.09882v1": 2,
  "2603.09881v1": 2,
  "2603.09872v1": 2,
  "2603.09868v1": 1,
  "2603.09865v1": 2,
  "2603.09859v1": 1,
  "2603.09853v1": 2,
  "2603.09843v1": 9,
  "2603.09842v1": 1,
  "2603.09835v1": 2,
  "2603.09827v1": 2,
  "2603.09821v1": 2,
  "2603.09815v1": 2,
  "2603.09803v1": 2,
  "2603.09800v1": 1,
  "2603.09793v1": 2,
  "2603.09792v1": 2,
  "2603.09789v1": 1,
  "2603.09787v1": 2,
  "2603.09786v1": 2,
  "2603.09785v1": 2,
  "2603.09778v1": 1,
  "2603.09774v1": 1,
  "2603.09773v1": 1,
  "2603.09771v1": 3,
  "2603.09758v1": 6,
  "2603.09742v1": 1,
  "2603.09731v1": 2,
  "2603.09727v1": 2,
  "2603.09723v1": 2,
  "2603.09716v1": 2,
  "2603.09715v1": 2,
  "2603.09714v1": 2,
  "2603.09706v1": 2,
  "2603.09704v1": 5,
  "2603.09697v1": 1,
  "2603.09693v1": 1,
  "2603.09692v1": 2,
  "2603.09691v1": 3,
  "2603.09689v1": 2,
  "2603.09688v1": 3,
  "2603.09685v1": 1,
  "2603.09684v1": 2,
  "2603.09678v1": 2,
  "2603.09677v1": 2,
  "2603.09675v1": 2,
  "2603.09662v1": 2,
  "2603.09661v1": 2,
  "2603.09657v1": 2,
  "2603.09654v1": 7,
  "2603.09652v1": 2,
  "2603.09651v1": 1,
  "2603.09645v1": 1,
  "2603.09643v1": 2,
  "2603.09642v1": 2,
  "2603.09641v1": 2,
  "2603.09638v1": 1,
  "2603.09632v1": 2,
  "2603.09625v1": 2,
  "2603.09619v1": 2,
  "2603.09616v1": 2,
  "2603.09606v1": 1,
  "2603.09601v1": 2,
  "2603.09600v1": 1,
  "2603.09595v1": 2,
  "2603.09589v1": 2,
  "2603.09583v1": 2,
  "2603.09581v1": 1,
  "2603.09576v1": 2,
  "2603.09574v1": 1,
  "2603.09571v1": 2,
  "2603.09564v1": 5,
  "2603.09563v1": 2,
  "2603.09556v1": 2,
  "2603.09555v1": 2,
  "2603.09533v1": 2,